重劃區名稱,地段,地號,面積,標售底價,標售總底價,得標單價,得標總價,開標日期,備註
第十一期安順二,新順,0886-0000,158.31,28700,4543497,46266,7324370,1993.03.09,原臺南市
第十一期安順二,新順,0918-0000,856.25,28700,24574375,50688,43401600,1993.03.09,原臺南市
第十一期安順二,新順,0949-0000,422.85,21100,8922135,36365,15376940,1993.03.09,原臺南市
第十一期安順二,新順,1037-0000,409.01,27200,11125072,49006,20043944,1993.03.09,原臺南市
第十一期安順二,新順,1050-0000,208.41,21100,4397451,38110,7942505,1993.03.09,原臺南市
第十一期安順二,新順,1070-0000,241.62,22600,5460612,44128,10662207,1993.03.09,原臺南市
第十一期安順二,新順,1103-0000,126.72,21100,2673792,34055,4315450,1993.03.09,原臺南市
第十一期安順二,新順,1161-0000,108.19,21100,2282809,36695,3970032,1993.03.09,原臺南市
第十一期安順二,新順,1165-0000,519.14,21100,10953854,45678,23713277,1993.03.09,原臺南市
第十一期安順二,新順,1170-0000,344.42,45300,15602226,81818,28179756,1993.03.09,原臺南市
第十一期安順二,新順,1175-0000,458.66,45300,20777298,81818,37526644,1993.03.09,原臺南市
第十一期安順二,新順,1188-0000,260.85,21100,5503935,37508,9783962,1993.03.09,原臺南市
第十一期安順二,新順,1240-0000,116.82,21100,2464902,24301,2838843,1993.03.09,原臺南市
第十一期安順二,新順,1270-0000,248.52,27200,6759744,52100,12947892,1993.03.09,原臺南市
第十一期安順二,新順,1293-0000,604.79,46800,28304172,79999,48382595,1993.03.09,原臺南市
第八期本淵寮,新淵,0016-0000,108.89,24000,2613360,36000,3920040,1993.08.11,原臺南市
第八期本淵寮,新淵,0019-0000,195.62,24000,4694880,31212,6105691,1993.08.11,原臺南市
第八期本淵寮,新淵,0021-0000,169.24,24000,4061760,27223,4607221,1993.08.11,原臺南市
第八期本淵寮,新淵,0023-0000,194.37,24000,4664880,37025,7196549,1993.08.11,原臺南市
第八期本淵寮,新淵,0024-0000,485.81,39000,18946590,68601,33327052,1993.08.11,原臺南市
第八期本淵寮,新淵,0054-0000,232.95,24000,5590800,30910,7200485,1993.08.11,原臺南市
第八期本淵寮,新淵,0092-0000,186.56,24000,4477440,27000,5037120,1993.08.11,原臺南市
第八期本淵寮,新淵,0100-0000,603.82,39000,23548980,41212,24884630,1993.08.11,原臺南市
第八期本淵寮,新淵,0130-0000,256.44,26000,6667440,43001,11027176,1993.08.11,原臺南市
第八期本淵寮,新淵,0133-0000,109.17,24000,2620080,39010,4258722,1993.08.11,原臺南市
第八期本淵寮,新淵,0145-0000,200.47,54000,10825380,63901,12810233,1993.08.11,原臺南市
第八期本淵寮,新淵,0149-0000,119.86,24000,2876640,36700,4398862,1993.08.11,原臺南市
第八期本淵寮,新淵,0173-0000,137.88,30000,4136400,39111,5392625,1993.08.11,原臺南市
第八期本淵寮,新淵,0252-0000,383.28,27000,10348560,27100,10386888,1993.08.11,原臺南市
第八期本淵寮,新淵,0291-0000,552.07,24000,13249680,39450,21779162,1993.08.11,原臺南市
第八期本淵寮,新淵,0359-0000,618.38,36000,22261680,55112,34080159,1993.08.11,原臺南市
第八期本淵寮,新淵,0398-0000,169.65,24000,4071600,24510,4158121,1993.08.11,原臺南市
第八期本淵寮,新淵,0399-0000,170.96,24000,4103040,24510,4190230,1993.08.11,原臺南市
第八期本淵寮,新淵,0439-0000,147.46,24000,3539040,30600,4512276,1993.08.11,原臺南市
第八期本淵寮,新淵,0495-0000,117.75,60000,7065000,85110,10021703,1993.08.11,原臺南市
第八期本淵寮,新淵,0518-0000,121.52,60000,7291200,85110,10342567,1993.08.11,原臺南市
第八期本淵寮,新淵,0536-0000,198.44,24000,4762560,27333,5423961,1993.08.11,原臺南市
第八期本淵寮,新淵,0600-0000,230.12,24000,5522880,34500,7939140,1993.08.11,原臺南市
第八期本淵寮,新淵,0621-0000,148.44,24000,3562560,34200,5076648,1993.08.11,原臺南市
第八期本淵寮,新淵,0758-0000,455.66,39000,17770740,50000,22783000,1993.08.11,原臺南市
第八期本淵寮,新淵,0759-0000,249.29,39000,9722310,48970,12207731,1993.08.11,原臺南市
第八期本淵寮,新淵,0762-0000,104.6,24000,2510400,33845,3540187,1993.08.11,原臺南市
第八期本淵寮,新淵,0769-0000,297.72,24000,7145280,42500,12653100,1993.08.11,原臺南市
第八期本淵寮,新淵,0771-0000,301.15,26000,7829900,39730,11964690,1993.08.11,原臺南市
第八期本淵寮,新淵,0780-0000,365.62,39000,14259180,48970,17904411,1993.08.11,原臺南市
第八期本淵寮,新淵,0126-0001,121.1,54000,6539400,75777,9176595,1993.08.11,原臺南市
第十一期安順二,新順,0887-0000,336.41,43050,14482451,61112,20558688,1993.08.11,原臺南市
第十一期安順二,新順,0903-0000,225.11,33900,7631229,42060,9468127,1993.08.11,原臺南市
第十一期安順二,新順,0906-0000,264.73,33900,8974347,42060,11134544,1993.08.11,原臺南市
第十一期安順二,新順,0931-0000,934.53,43050,40231517,49200,45978876,1993.08.11,原臺南市
第十一期安順二,新順,1019-0000,172.8,31650,5469120,36364,6283699,1993.08.11,原臺南市
第十一期安順二,新順,1044-0000,669.43,43050,28818962,51454,34444851,1993.08.11,原臺南市
第十一期安順二,新順,1055-0000,324.7,40800,13247760,47859,15539817,1993.08.11,原臺南市
第十一期安順二,新順,1059-0000,376.05,40800,15342840,47859,17997377,1993.08.11,原臺南市
第十一期安順二,新順,1091-0000,147.64,21100,3115204,23000,3395720,1993.08.11,原臺南市
第八期本淵寮,新淵,0006-0000,216.79,24000,5202960,30600,6633774,1994.01.19,原臺南市
第八期本淵寮,新淵,0183-0000,110.34,30000,3310200,30560,3371990,1994.01.19,原臺南市
第八期本淵寮,新淵,0246-0000,108.72,24000,2609280,37300,4055256,1994.01.19,原臺南市
第八期本淵寮,新淵,0269-0000,202.77,59000,11963430,68440,13877579,1994.01.19,原臺南市
第八期本淵寮,新淵,0277-0000,278.96,54000,15063840,82300,22958408,1994.01.19,原臺南市
第八期本淵寮,新淵,0287-0000,97.48,24000,2339520,33600,3275328,1994.01.19,原臺南市
第八期本淵寮,新淵,0298-0000,167.66,39000,6538740,50666,8494662,1994.01.19,原臺南市
第八期本淵寮,新淵,0322-0000,177.64,59000,10480760,66600,11830824,1994.01.19,原臺南市
第八期本淵寮,新淵,0344-0000,231.8,24000,5563200,36400,8437520,1994.01.19,原臺南市
第八期本淵寮,新淵,0353-0000,391.46,36000,14092560,37800,14797188,1994.01.19,原臺南市
第八期本淵寮,新淵,0377-0000,174.52,27000,4712040,27015,4714658,1994.01.19,原臺南市
第八期本淵寮,新淵,0403-0000,236.38,26000,6145880,32666,7721589,1994.01.19,原臺南市
第八期本淵寮,新淵,0486-0000,214.69,60000,12881400,72750,15618698,1994.01.19,原臺南市
第八期本淵寮,新淵,0590-0000,211.46,24000,5075040,32200,6809012,1994.01.19,原臺南市
第八期本淵寮,新淵,0639-0000,90.03,60000,5401800,100300,9030009,1994.01.19,原臺南市
第八期本淵寮,新淵,0784-0000,356.76,26000,9275760,39200,13984992,1994.01.19,原臺南市
第八期本淵寮,新淵,0785-0000,121.73,24000,2921520,31989,3894021,1994.01.19,原臺南市
第八期本淵寮,新淵,0787-0000,889.78,36000,32032080,43012,38271217,1994.01.19,原臺南市
第八期本淵寮,新淵,0356-0003,97.36,24000,2336640,30250,2945140,1994.01.19,原臺南市
第八期本淵寮,新淵,0367-0001,275.33,24000,6607920,24510,6748338,1994.01.19,原臺南市
第十一期安順二,新順,1119-0000,133.69,31650,4231289,36300,4852947,1994.01.19,原臺南市
第十一期安順二,新順,1125-0000,510,43050,21955500,52789,26922390,1994.01.19,原臺南市
第十一期安順二,新順,1152-0000,126.5,31650,4003725,34000,4301000,1994.01.19,原臺南市
第十一期安順二,新順,1155-0000,540.76,47550,25713138,53240,28790062,1994.01.19,原臺南市
第十一期安順二,新順,1173-0000,191.68,70200,13455936,92200,17672896,1994.01.19,原臺南市
第十一期安順二,新順,1178-0000,264.16,33900,8955024,53000,14000480,1994.01.19,原臺南市
第八期本淵寮,新淵,0010-0000,323.46,36000,11644560,42600,13779396,1994.04.14,原臺南市
第八期本淵寮,新淵,0070-0000,308.9,36000,11120400,42305,13068015,1994.04.14,原臺南市
第八期本淵寮,新淵,0076-0000,328.71,36000,11833560,40800,13411368,1994.04.14,原臺南市
第八期本淵寮,新淵,0078-0000,251,39000,9789000,46868,11763868,1994.04.14,原臺南市
第八期本淵寮,新淵,0321-0000,264.58,24000,6349920,31250,8268125,1994.04.14,原臺南市
第八期本淵寮,新淵,0325-0000,162.65,24000,3903600,34183,5559865,1994.04.14,原臺南市
第八期本淵寮,新淵,0331-0000,658.05,54000,35534700,59050,38857851,1994.04.14,原臺南市
第八期本淵寮,新淵,0365-0000,499.85,26000,12996100,38100,19044285,1994.04.14,原臺南市
第八期本淵寮,新淵,0388-0000,209.35,27000,5652450,27100,5673385,1994.04.14,原臺南市
第八期本淵寮,新淵,0401-0000,410.77,24000,9858480,36000,14787720,1994.04.14,原臺南市
第八期本淵寮,新淵,0475-0000,119.61,30000,3588300,36110,4319117,1994.04.14,原臺南市
第八期本淵寮,新淵,0482-0000,141.71,60000,8502600,60600,8587626,1994.04.14,原臺南市
第八期本淵寮,新淵,0530-0000,137.13,24000,3291120,24101,3304970,1994.04.14,原臺南市
第八期本淵寮,新淵,0592-0000,116.01,24000,2784240,39555,4588776,1994.04.14,原臺南市
第八期本淵寮,新淵,0675-0000,563.84,24000,13532160,29700,16746048,1994.04.14,原臺南市
第八期本淵寮,新淵,0678-0000,242.05,24000,5809200,39325,9518616,1994.04.14,原臺南市
第八期本淵寮,新淵,0741-0000,622.54,39000,24279060,51516,32070771,1994.04.14,原臺南市
第八期本淵寮,新淵,0773-0000,167.08,24000,4009920,26880,4491110,1994.04.14,原臺南市
第八期本淵寮,新淵,0790-0000,285.71,21000,5999910,21550,6157051,1994.04.14,原臺南市
第十一期安順二,新順,1034-0000,625.23,31650,19788530,33666,21048993,1994.04.14,原臺南市
第十一期安順二,新順,1107-0000,234.62,31650,7425723,40500,9502110,1994.04.14,原臺南市
第十一期安順二,新順,1133-0000,987.33,40800,40283064,44180,43620239,1994.04.14,原臺南市
第十一期安順二,新順,1207-0000,311.63,43050,13415672,52110,16239039,1994.04.14,原臺南市
第十一期安順二,新順,1273-0000,705.39,43050,30367040,49999,35268795,1994.04.14,原臺南市
第八期本淵寮,新淵,0138-0000,404.9,24000,9717600,25111,10167444,1994.12.20,原臺南市
第八期本淵寮,新淵,0218-0000,1130,27000,30510000,42956,48540009,1994.12.20,原臺南市
第八期本淵寮,新淵,0315-0000,464.01,24000,11136240,24500,11368245,1994.12.20,原臺南市
第八期本淵寮,新淵,0519-0000,349.26,21000,7334460,21200,7404312,1994.12.20,原臺南市
第八期本淵寮,新淵,0775-0000,389.24,27000,10509480,27660,10766378,1994.12.20,原臺南市
第八期本淵寮,新淵,0603-0001,163.07,24000,3913680,33400,5446538,1994.12.20,原臺南市
第十一期安順二,新順,1028-0000,102.95,40800,4200360,42400,4365081,1994.12.20,原臺南市
第十一期安順二,新順,1160-0000,239.76,31650,7588404,36550,8763228,1994.12.20,原臺南市
第十一期安順二,新順,1220-0000,188.71,31650,5972672,41334,7800139,1994.12.20,原臺南市
第十一期安順二,新順,1288-0000,92.72,31650,2934588,45900,4255848,1994.12.20,原臺南市
第十二期城中,城中,0002-0000,641.69,25000,16042250,25800,16555602,1995.04.11,原臺南市
第十二期城中,城中,0013-0000,386.97,25000,9674250,38420,14867387,1995.04.11,原臺南市
第十二期城中,城中,0025-0000,313.97,25000,7849250,33500,10517995,1995.04.11,原臺南市
第十二期城中,城中,0063-0000,338.83,21200,7183196,22100,7488143,1995.04.11,原臺南市
第十二期城中,城中,0069-0000,253.43,25000,6335750,25120,6366162,1995.04.11,原臺南市
第十二期城中,城中,0076-0000,279.3,60000,16758000,83000,23181900,1995.04.11,原臺南市
第十二期城中,城中,0104-0000,95.01,25000,2375250,31111,2955856,1995.04.11,原臺南市
第十二期城中,城中,0119-0000,137.08,25000,3427000,33030,4527752,1995.04.11,原臺南市
第十二期城中,城中,0143-0000,73.68,40000,2947200,40500,2984040,1995.04.11,原臺南市
第十二期城中,城中,0152-0000,90.1,25000,2252500,36256,3266666,1995.04.11,原臺南市
第十二期城中,城中,0153-0000,105.33,25000,2633250,33756,3555519,1995.04.11,原臺南市
第十二期城中,城中,0163-0000,139.33,25000,3483250,33030,4602070,1995.04.11,原臺南市
第十二期城中,城中,0164-0000,513.85,60000,30831000,87000,44704950,1995.04.11,原臺南市
第十二期城中,城中,0176-0000,397.85,60000,23871000,79000,31430150,1995.04.11,原臺南市
第十期安順一,怡安,0640-0000,117.25,40000,4690000,46000,5393500,1995.06.28,原臺南市
第十期安順一,怡安,0694-0000,249.02,40000,9960800,45110,11233292,1995.06.28,原臺南市
第十期安順一,怡安,0716-0000,110.5,30000,3315000,30120,3328260,1995.06.28,原臺南市
第十期安順一,怡安,0732-0000,285.37,40000,11414800,43510,12416449,1995.06.28,原臺南市
第十期安順一,怡安,0751-0000,287.03,30000,8610900,31710,9101721,1995.06.28,原臺南市
第十期安順一,怡安,0779-0000,168.19,40000,6727600,41710,7015205,1995.06.28,原臺南市
第十期安順一,怡安,0791-0000,376.56,40000,15062400,43510,16384126,1995.06.28,原臺南市
第十期安順一,怡安,0803-0000,245,17100,4189500,19500,4777500,1995.06.28,原臺南市
第十期安順一,怡安,0827-0000,183.38,40000,7335200,53111,9739495,1995.06.28,原臺南市
第十期安順一,怡安,0868-0000,228.55,30000,6856500,30690,7014200,1995.06.28,原臺南市
第十期安順一,怡安,0917-0000,246.54,30000,7396200,30120,7425785,1995.06.28,原臺南市
第十二期城中,城中,0004-0000,340.25,25000,8506250,26000,8846500,1995.06.28,原臺南市
第十二期城中,城中,0058-0000,1255.13,60000,75307800,63600,79826268,1995.06.28,原臺南市
第十二期城中,城中,0059-0000,1593.84,22500,35861400,22770,36291737,1995.06.28,原臺南市
第十二期城中,城中,0187-0000,58.54,40000,2341600,40399,2364957,1995.06.28,原臺南市
第十二期城中,城中,0198-0000,125.08,25000,3127000,33300,4165164,1995.06.28,原臺南市
第八期本淵寮,新淵,0547-0000,94.47,24000,2267280,27543,2601987,1995.12.27,原臺南市
第八期本淵寮,新淵,0591-0000,111.79,24000,2682960,30250,3381648,1995.12.27,原臺南市
第八期本淵寮,新淵,0544-0001,94.23,24000,2261520,24112,2272074,1995.12.27,原臺南市
第八期本淵寮,新淵,0679-0001,68.84,24000,1652160,24200,1665928,1995.12.27,原臺南市
第十期安順一,怡安,0657-0000,330.26,40000,13210400,45706,15094864,1995.12.27,原臺南市
第十期安順一,怡安,0685-0000,117.56,36000,4232160,36000,4232160,1995.12.27,原臺南市
第十期安順一,怡安,0688-0000,122.99,40000,4919600,40384,4966828,1995.12.27,原臺南市
第十期安順一,怡安,0832-0000,261.64,40000,10465600,45066,11791068,1995.12.27,原臺南市
第九期虎尾寮,裕東,0061-0000,523.36,63000,32971680,70070,36671835,1996.07.11,原臺南市
第九期虎尾寮,裕東,0141-0000,226.44,34200,7744248,44802,10144965,1996.07.11,原臺南市
第九期虎尾寮,裕東,0183-0000,203.06,63000,12792780,73143,14852418,1996.07.11,原臺南市
第九期虎尾寮,裕東,0358-0000,234.4,37700,8836880,48650,11403560,1996.07.11,原臺南市
第九期虎尾寮,裕東,0370-0000,240.01,37700,9048377,45678,10963177,1996.07.11,原臺南市
第九期虎尾寮,裕東,0388-0000,597.06,49500,29554470,53690,32056151,1996.07.11,原臺南市
第九期虎尾寮,裕東,0472-0000,328.68,54500,17913060,62100,20411028,1996.07.11,原臺南市
第九期虎尾寮,裕東,0494-0000,553.91,49500,27418545,52605,29138436,1996.07.11,原臺南市
第九期虎尾寮,裕東,0593-0000,319.11,34200,10913562,42350,13514309,1996.07.11,原臺南市
第九期虎尾寮,裕東,0634-0000,542.49,49500,26853255,52613,28542026,1996.07.11,原臺南市
第九期虎尾寮,裕東,0676-0000,152.18,49500,7532910,55300,8415554,1996.07.11,原臺南市
第九期虎尾寮,裕東,0682-0000,243.45,49500,12050775,55700,13560165,1996.07.11,原臺南市
第九期虎尾寮,裕東,0697-0000,1100.49,54500,59976705,57475,63250663,1996.07.11,原臺南市
第九期虎尾寮,裕東,0709-0000,1599.28,54500,87160760,64130,102561826,1996.07.11,原臺南市
第九期虎尾寮,裕東,0894-0000,259.99,54500,14169455,62851,16340631,1996.07.11,原臺南市
第九期虎尾寮,裕東,1021-0000,266.33,37700,10040641,46283,12326551,1996.07.11,原臺南市
第九期虎尾寮,裕東,1029-0000,138.54,34200,4738068,40910,5667671,1996.07.11,原臺南市
第九期虎尾寮,裕東,0006-0000,155.18,63000,9776340,74572,11572083,1996.08.13,原臺南市
第九期虎尾寮,裕東,0087-0000,471.32,63000,29693160,65200,30730064,1996.08.13,原臺南市
第九期虎尾寮,裕東,0089-0000,228.95,69300,15866235,81890,18748716,1996.08.13,原臺南市
第九期虎尾寮,裕東,0099-0000,179.53,34200,6139926,61100,10969283,1996.08.13,原臺南市
第九期虎尾寮,裕東,0120-0000,3651.68,34200,124887456,43560,159067181,1996.08.13,原臺南市
第九期虎尾寮,裕東,0151-0000,114.16,34200,3904272,37178,4244240,1996.08.13,原臺南市
第九期虎尾寮,裕東,0154-0000,287.82,49500,14247090,54499,15685902,1996.08.13,原臺南市
第九期虎尾寮,裕東,0164-0000,151.43,44600,6753778,51312,7770176,1996.08.13,原臺南市
第九期虎尾寮,裕東,0274-0000,144.09,37700,5432193,41696,6007977,1996.08.13,原臺南市
第九期虎尾寮,裕東,0352-0000,160.38,37700,6046326,45150,7241157,1996.08.13,原臺南市
第九期虎尾寮,裕東,0465-0000,128.49,49500,6360255,59600,7658004,1996.08.13,原臺南市
第九期虎尾寮,裕東,0477-0000,575.19,49500,28471905,62920,36190955,1996.08.13,原臺南市
第九期虎尾寮,裕東,0525-0000,103.74,34200,3547908,47323,4909288,1996.08.13,原臺南市
第九期虎尾寮,裕東,0556-0000,144.29,49500,7142355,63889,9218544,1996.08.13,原臺南市
第九期虎尾寮,裕東,0562-0000,368.78,29000,10694620,34800,12833544,1996.08.13,原臺南市
第九期虎尾寮,裕東,0629-0000,541.81,49500,26819595,55500,30070455,1996.08.13,原臺南市
第九期虎尾寮,裕東,0707-0000,280.46,44600,12508516,54780,15363599,1996.08.13,原臺南市
第九期虎尾寮,裕東,0734-0000,137.55,34200,4704210,39500,5433225,1996.08.13,原臺南市
第九期虎尾寮,裕東,0752-0000,167.85,34200,5740470,37620,6314517,1996.08.13,原臺南市
第九期虎尾寮,裕東,0876-0000,180.19,34200,6162498,45830,8258108,1996.08.13,原臺南市
第九期虎尾寮,裕東,0908-0000,2273.8,54500,123922100,56700,128924460,1996.08.13,原臺南市
第九期虎尾寮,裕東,1013-0000,162.06,44600,7227876,49123,7960873,1996.08.13,原臺南市
第九期虎尾寮,裕東,0122-0000,2448.78,49500,121214610,56295,137854070,1996.10.04,原臺南市
第九期虎尾寮,裕東,0202-0000,788.91,63000,49701330,77200,60903852,1996.10.04,原臺南市
第九期虎尾寮,裕東,0313-0000,139.63,37700,5264051,42650,5955220,1996.10.04,原臺南市
第九期虎尾寮,裕東,0360-0000,118.32,34200,4046544,41202,4875021,1996.10.04,原臺南市
第九期虎尾寮,裕東,0485-0000,179.76,34200,6147792,39585,7115800,1996.10.04,原臺南市
第九期虎尾寮,裕東,0600-0000,374.98,28000,10499440,40910,15340432,1996.10.04,原臺南市
第九期虎尾寮,裕東,0639-0000,231.74,28000,6488720,31800,7369332,1996.10.04,原臺南市
第九期虎尾寮,裕東,0666-0000,1686.92,49500,83502540,52030,87770448,1996.10.04,原臺南市
第九期虎尾寮,裕東,0872-0000,161.74,54500,8814830,69599,11256942,1996.10.04,原臺南市
第九期虎尾寮,裕東,0884-0000,130.58,34200,4465836,41041,5359134,1996.10.04,原臺南市
第十期安順一,怡安,0841-0000,141.16,30000,4234800,30250,4270090,1996.10.04,原臺南市
第十期安順一,怡安,0842-0000,402.68,30000,12080400,32660,13151529,1996.10.04,原臺南市
第九期虎尾寮,裕東,0111-0000,221.55,70000,15508500,91000,20161050,1997.01.24,原臺南市
第九期虎尾寮,裕東,0454-0000,466.93,40000,18677200,54200,25307606,1997.01.24,原臺南市
第九期虎尾寮,裕東,0540-0000,241.22,40000,9648800,52889,12757885,1997.01.24,原臺南市
第九期虎尾寮,裕東,0568-0000,1016.8,40000,40672000,45567,46332526,1997.01.24,原臺南市
第九期虎尾寮,裕東,0579-0000,111.03,40000,4441200,48888,5428035,1997.01.24,原臺南市
第九期虎尾寮,裕東,0821-0000,160.03,44600,7137338,45318,7252240,1997.01.24,原臺南市
第九期虎尾寮,裕東,1041-0000,361.32,27400,9900168,31511,11385555,1997.01.24,原臺南市
第八期本淵寮,新淵,0746-0000,168.05,24000,4033200,29000,4873450,1997.03.25,原臺南市
第八期本淵寮,新淵,0809-0000,176.08,24000,4225920,27825,4899426,1997.03.25,原臺南市
第十期安順一,怡安,0946-0000,262.94,60000,15776400,60010,15779029,1997.03.25,原臺南市
第九期虎尾寮,裕東,0038-0000,364.31,75000,27323250,82560,30077434,1997.04.02,原臺南市
第九期虎尾寮,裕東,0323-0000,134.56,37700,5072912,42241,5683949,1997.04.02,原臺南市
第九期虎尾寮,裕東,0428-0000,95.99,40000,3839600,53200,5106668,1997.04.02,原臺南市
第九期虎尾寮,裕東,0428-0001,96,40000,3840000,50660,4863360,1997.04.02,原臺南市
第九期虎尾寮,裕東,0864-0000,362.25,27400,9925650,27700,10034325,1997.04.02,原臺南市
第九期虎尾寮,裕東,0967-0000,149.59,49500,7404705,49566,7414578,1997.04.02,原臺南市
第九期虎尾寮,裕東,1051-0000,159.66,49500,7903170,59010,9421537,1997.04.02,原臺南市
第九期虎尾寮,裕東,1122-0000,198,34200,6771600,36363,7199874,1997.04.02,原臺南市
第九期虎尾寮,裕東,0030-0001,123.28,70000,8629600,76026,9372485,1997.05.07,原臺南市
第九期虎尾寮,裕東,0030-0003,123.16,70000,8621200,76050,9366318,1997.05.07,原臺南市
第九期虎尾寮,裕東,0030-0004,336.72,70000,23570400,76050,25607556,1997.05.07,原臺南市
第九期虎尾寮,裕東,0107-0000,110,70000,7700000,77777,8555470,1997.05.07,原臺南市
第九期虎尾寮,裕東,0107-0001,110,70000,7700000,77777,8555470,1997.05.07,原臺南市
第九期虎尾寮,裕東,0107-0002,220,70000,15400000,71100,15642000,1997.05.07,原臺南市
第九期虎尾寮,裕東,0107-0005,99,70000,6930000,76100,7533900,1997.05.07,原臺南市
第九期虎尾寮,裕東,0195-0000,452.77,40000,18110800,40550,18359824,1997.05.07,原臺南市
第九期虎尾寮,裕東,0214-0000,599.5,34200,20502900,34600,20742700,1997.05.07,原臺南市
第九期虎尾寮,裕東,0277-0000,216.44,49500,10713780,49515,10717027,1997.05.07,原臺南市
第九期虎尾寮,裕東,0333-0000,147.9,54500,8060550,55290,8177391,1997.05.07,原臺南市
第九期虎尾寮,裕東,0365-0000,216.17,37700,8149609,45000,9727650,1997.05.07,原臺南市
第九期虎尾寮,裕東,0399-0000,169.81,37700,6401837,45324,7696468,1997.05.07,原臺南市
第九期虎尾寮,裕東,0428-0002,95.99,40000,3839600,52260,5016437,1997.05.07,原臺南市
第九期虎尾寮,裕東,0428-0003,117.27,40000,4690800,54501,6391332,1997.05.07,原臺南市
第九期虎尾寮,裕東,0479-0000,374.48,49500,18536760,57007,21347981,1997.05.07,原臺南市
第九期虎尾寮,裕東,0604-0000,101.14,40000,4045600,54600,5522244,1997.05.07,原臺南市
第九期虎尾寮,裕東,0616-0000,275.23,40000,11009200,48800,13431224,1997.05.07,原臺南市
第九期虎尾寮,裕東,0622-0000,197.81,40000,7912400,54110,10703499,1997.05.07,原臺南市
第九期虎尾寮,裕東,0644-0000,939.63,40000,37585200,40837,38371670,1997.05.07,原臺南市
第九期虎尾寮,裕東,0048-0001,171.32,70000,11992400,71100,12180852,1997.06.17,原臺南市
第九期虎尾寮,裕東,0853-0000,201.25,27400,5514250,30055,6048569,1997.06.17,原臺南市
第九期虎尾寮,裕東,0868-0000,110.71,34200,3786282,35177,3894446,1997.06.17,原臺南市
第九期虎尾寮,裕東,0952-0000,407.74,49500,20183130,49550,20203517,1997.06.17,原臺南市
第九期虎尾寮,裕東,0954-0000,237.68,49500,11765160,49610,11791305,1997.06.17,原臺南市
第九期虎尾寮,裕東,0993-0000,424.26,32400,13746024,36603,15529189,1997.06.17,原臺南市
第九期虎尾寮,裕東,0996-0000,1367.46,32400,44305704,35090,47984171,1997.06.17,原臺南市
第九期虎尾寮,裕東,1037-0000,280.43,27400,7683782,29040,8143687,1997.06.17,原臺南市
第九期虎尾寮,裕東,1084-0000,311.21,32400,10083204,41077,12783573,1997.06.17,原臺南市
第九期虎尾寮,裕東,1232-0000,178.82,37620,6727208,45677,8167961,1997.06.17,原臺南市
第九期虎尾寮,裕東,0001-0000,202.59,27400,5550966,28266,5726409,1997.07.30,原臺南市
第九期虎尾寮,裕東,0107-0003,201.08,70000,14075600,72188,14515563,1997.07.30,原臺南市
第九期虎尾寮,裕東,0107-0004,99,70000,6930000,76260,7549740,1997.07.30,原臺南市
第九期虎尾寮,裕東,0301-0000,352.96,49500,17471520,49600,17506816,1997.07.30,原臺南市
第九期虎尾寮,裕東,0332-0000,162.67,37700,6132659,46666,7591158,1997.07.30,原臺南市
第九期虎尾寮,裕東,0512-0000,245.64,29000,7123560,35061,8612384,1997.07.30,原臺南市
第九期虎尾寮,裕東,0672-0000,115.69,40000,4627600,50050,5790285,1997.07.30,原臺南市
第九期虎尾寮,裕東,0901-0000,1776.48,49500,87935760,49512,87957078,1997.09.12,原臺南市
第九期虎尾寮,裕東,0941-0000,153.69,54500,8376105,56666,8708998,1997.09.12,原臺南市
第九期虎尾寮,裕東,0949-0000,1343.17,44600,59905382,45605,61255268,1997.09.12,原臺南市
第九期虎尾寮,裕東,1229-0001,241.26,34200,8251092,34222,8256400,1997.09.12,原臺南市
第九期虎尾寮,裕東,0292-0000,361.17,27400,9896058,28410,10260840,1997.10.28,原臺南市
第九期虎尾寮,裕東,0362-0000,168.73,54500,9195785,57612,9720873,1997.10.28,原臺南市
第九期虎尾寮,裕東,1006-0000,4214.85,40000,168594000,41628,175455776,1997.10.28,原臺南市
第十三期鄭子寮,北元,0053-0000,192.28,100000,19228000,100002,19228385,1997.11.27,原臺南市
第十三期鄭子寮,北元,0213-0000,592.15,60000,35529000,65186,38599890,1997.11.27,原臺南市
第十三期鄭子寮,北元,0219-0000,195.45,57000,11140650,57500,11238375,1997.11.27,原臺南市
第十三期鄭子寮,北元,0225-0000,2206.76,52000,114751520,52566,116000546,1997.11.27,原臺南市
第十三期鄭子寮,北元,0313-0000,269.82,45000,12141900,52665,14210070,1997.11.27,原臺南市
 第十三期鄭子寮 ,北元,0086-0000,134.1,40000,5364000,41088,5509901,1998.02.13,原臺南市
 第十三期鄭子寮 ,北元,0105-0000,2142.21,34000,72835140,39694,85032884,1998.02.13,原臺南市
 第十三期鄭子寮 ,北元,0113-0000,157.04,40000,6281600,41841,6570711,1998.02.13,原臺南市
 第十三期鄭子寮 ,北元,0135-0000,144.14,40000,5765600,45168,6510516,1998.02.13,原臺南市
 第十三期鄭子寮 ,北元,0339-0000,942.73,50000,47136500,55539,52358281,1998.02.13,原臺南市
 第十三期鄭子寮 ,北元,0374-0000,127.79,45000,5750550,50000,6389500,1998.02.13,原臺南市
 第十三期鄭子寮 ,北元,0476-0000,108.28,40000,4331200,55000,5955400,1998.02.13,原臺南市
 第十三期鄭子寮 ,北元,0567-0000,341.15,37000,12622550,37001,12622891,1998.02.13,原臺南市
 第十三期鄭子寮 ,北元,0786-0000,109.02,40000,4360800,43200,4709664,1998.02.13,原臺南市
 第十三期鄭子寮 ,北元,0789-0000,636.55,40000,25462000,41000,26098550,1998.02.13,原臺南市
 第十三期鄭子寮 ,北元,0886-0000,771.42,57000,43970940,57610,44441506,1998.02.13,原臺南市
 第十三期鄭子寮 ,北元,0948-0000,489.59,110000,53854900,116660,57115569,1998.02.13,原臺南市
 第十三期鄭子寮 ,北元,1085-0000,800.21,42000,33608820,46131,36914488,1998.02.13,原臺南市
第八期本淵寮,新淵,0766-0000,219.92,24000,5278080,24510,5390239,1998.03.25,原臺南市
第八期本淵寮,新淵,0807-0000,386.27,24000,9270480,24500,9463615,1998.03.25,原臺南市
第八期本淵寮,新淵,0818-0000,224.33,24000,5383920,24200,5428786,1998.03.25,原臺南市
第九期虎尾寮,裕東,0128-0000,1530.2,49500,75744900,49510,75760202,1998.03.25,原臺南市
第九期虎尾寮,裕東,0129-0000,1686.81,54500,91931145,55134,93000583,1998.03.25,原臺南市
第九期虎尾寮,裕東,0806-0000,302.91,27400,8299734,27401,8300037,1998.03.25,原臺南市
第十三期鄭子寮,北元,0249-0000,135.28,36000,4870080,36030,4874138,1998.04.23,原臺南市
第十三期鄭子寮,北元,0301-0000,492.95,45000,22182750,48200,23760190,1998.04.23,原臺南市
第十三期鄭子寮,北元,0697-0000,169.38,60000,10162800,62520,10589638,1998.04.23,原臺南市
第十三期鄭子寮,北元,0706-0000,1165.31,50000,58265500,53500,62344085,1998.04.23,原臺南市
第十三期鄭子寮,北元,0734-0000,5615.17,52000,291988840,53588,300905730,1998.04.23,原臺南市
第十三期鄭子寮,北元,0908-0000,1919.61,60000,115176600,61121,117328483,1998.04.23,原臺南市
第十三期鄭子寮,北元,0918-0000,1760.36,58000,102100880,58101,102278676,1998.04.23,原臺南市
第十三期鄭子寮,北元,0068-0000,448.44,38000,17040720,39700,17803068,1998.06.24,原臺南市
第十三期鄭子寮,北元,0082-0000,69.42,40000,2776800,42214,2930496,1998.06.24,原臺南市
第十三期鄭子寮,北元,0455-0000,293.02,40000,11720800,42166,12355481,1998.06.24,原臺南市
第十三期鄭子寮,北元,0270-0000,420.52,57000,23969640,57050,23990666,1998.08.14,原臺南市
第十三期鄭子寮,北元,0295-0000,897.63,47000,42188610,50899,45688469,1998.08.14,原臺南市
第十三期鄭子寮,北元,0474-0000,238.82,35000,8358700,35010,8361088,1998.08.14,原臺南市
第十三期鄭子寮,北元,0485-0000,187.7,47000,8821900,50001,9385188,1998.08.14,原臺南市
第九期虎尾寮,裕東,0524-0000,116.75,40000,4670000,51425,6003869,1998.11.13,原臺南市
第十三期鄭子寮,北元,0110-0000,226.5,37000,8380500,37201,8426027,1998.12.09,原臺南市
第九期虎尾寮,裕東,0414-0000,2875.35,40590,116710457,40900,117601815,1999.03.30,原臺南市
第九期虎尾寮,裕東,0438-0000,1458.21,40590,59188744,41650,60734447,1999.03.30,原臺南市
第九期虎尾寮,裕東,0503-0000,75.42,30000,2262600,31666,2388250,1999.05.13,原臺南市
第十三期鄭子寮,北元,1033-0001,316.11,54000,17069940,54001,17070256,1999.10.21,原臺南市
第九期虎尾寮,裕東,0852-0000,95.77,25000,2394250,27168,2601879,2000.01.27,原臺南市
第九期虎尾寮,裕東,0974-0000,154.81,32000,4953920,33500,5186135,2000.01.27,原臺南市
第十三期鄭子寮,北元,0522-0000,132.69,38000,5042220,39670,5263812,2000.03.14,原臺南市
第十三期鄭子寮,北元,0522-0001,132.09,38000,5019420,39670,5240010,2000.03.14,原臺南市
第十三期鄭子寮,北元,0522-0002,131.42,38000,4993960,38120,5009730,2000.03.14,原臺南市
第十三期鄭子寮,北元,0522-0005,127.86,38000,4858680,38628,4938976,2000.03.14,原臺南市
第十三期鄭子寮,北元,0812-0001,137.91,50000,6895500,50000,6895500,2000.03.14,原臺南市
第十三期鄭子寮,北元,0812-0002,137.7,50000,6885000,50016,6887203,2000.03.14,原臺南市
第十三期鄭子寮,北元,0975-0005,150.92,72000,10866240,72001,10866391,2000.03.14,原臺南市
第十三期鄭子寮,北元,0975-0006,151.47,72000,10905840,72001,10905991,2000.03.14,原臺南市
第九期虎尾寮,裕東,0007-0000,232.44,32049,7449470,32066,7453421,2000.04.26,原臺南市
第九期虎尾寮,裕東,0125-0000,1836.07,32000,58754240,32028,58805650,2000.04.26,原臺南市
第九期虎尾寮,裕東,0912-0002,486.06,35000,17012100,35168,17093758,2000.04.26,原臺南市
第十三期鄭子寮,北元,0522-0003,129.15,38000,4907700,40060,5173749,2000.06.27,原臺南市
第十三期鄭子寮,北元,1070-0000,770.09,33000,25412970,33035,25439923,2000.06.27,原臺南市
第十三期鄭子寮,北元,0522-0004,128.5,34200,4394700,34211,4396114,2000.11.20,原臺南市
第八期本淵寮,新淵,0800-0000,571.81,25000,14295250,26407,15099787,2001.08.10,原臺南市
第十三期鄭子寮,北元,0273-0000,535.08,23000,12306840,23011,12312726,2001.08.10,原臺南市
第十三期鄭子寮,北元,0607-0000,810.84,32000,25946880,36663,29727827,2001.08.10,原臺南市
第十三期鄭子寮,北元,0750-0000,1284.52,25000,32113000,25788,33125202,2001.08.10,原臺南市
第十三期鄭子寮,北元,0812-0000,453.79,25000,11344750,27999,12705666,2001.08.10,原臺南市
第十三期鄭子寮,北元,0812-0003,137.51,25000,3437750,25852,3554909,2001.08.10,原臺南市
第十三期鄭子寮,北元,0812-0004,137.39,25000,3434750,26667,3663779,2001.08.10,原臺南市
第十三期鄭子寮,北元,0296-0000,763.14,23000,17552220,23486,17923106,2001.09.26,原臺南市
第九期虎尾寮,裕東,0085-0000,162.25,15800,2563550,15800,2563550,2001.12.28,原臺南市
第十三期鄭子寮,北元,0202-0000,181.7,32000,5814400,35210,6397657,2001.12.28,原臺南市
第十三期鄭子寮,北元,0202-0001,149.33,32000,4778560,32100,4793493,2001.12.28,原臺南市
第十三期鄭子寮,北元,0344-0000,172.66,25000,4316500,25802,4454973,2001.12.28,原臺南市
第十三期鄭子寮,北元,0344-0001,170.72,25000,4268000,25802,4404917,2001.12.28,原臺南市
第十三期鄭子寮,北元,0344-0002,168.8,25000,4220000,25789,4353183,2001.12.28,原臺南市
第十三期鄭子寮,北元,0344-0003,166.87,25000,4171750,25101,4188604,2001.12.28,原臺南市
第十三期鄭子寮,北元,0344-0006,161.09,25000,4027250,28305,4559652,2001.12.28,原臺南市
第十三期鄭子寮,北元,0344-0007,159.12,25000,3978000,28305,4503892,2001.12.28,原臺南市
第十三期鄭子寮,北元,0344-0004,164.94,25000,4123500,30001,4948365,2002.03.14,原臺南市
第十三期鄭子寮,北元,0344-0005,163.01,25000,4075250,30001,4890463,2002.03.14,原臺南市
第十三期鄭子寮,北元,0150-0002,143.09,32000,4578880,32016,4581169,2002.05.28,原臺南市
第十三期鄭子寮,北元,0199-0001,168.82,32000,5402240,32260,5446133,2002.05.28,原臺南市
第十三期鄭子寮,北元,0199-0002,167.4,32000,5356800,32660,5467284,2002.05.28,原臺南市
第十三期鄭子寮,北元,0199-0003,166.27,32000,5320640,32660,5430378,2002.05.28,原臺南市
第十三期鄭子寮,北元,0199-0004,165.42,32000,5293440,32660,5402617,2002.05.28,原臺南市
第十三期鄭子寮,北元,0199-0005,164.86,32000,5275520,32988,5438402,2002.05.28,原臺南市
第十三期鄭子寮,北元,0199-0006,164.6,32000,5267200,32920,5418632,2002.05.28,原臺南市
第十三期鄭子寮,北元,0683-0000,3293.52,25000,82338000,27278,89840639,2002.05.28,原臺南市
第十三期鄭子寮,北元,0050-0000,213.72,21000,4488120,26666,5699058,2002.12.24,原臺南市
第十三期鄭子寮,北元,0150-0001,142.58,32000,4562560,37870,5399505,2002.12.24,原臺南市
第十三期鄭子寮,北元,0199-0000,170.41,32000,5453120,34405,5862956,2002.12.24,原臺南市
第十三期鄭子寮,北元,0975-0000,630.65,30000,18919500,36346,22921605,2002.12.24,原臺南市
第十三期鄭子寮,北元,0975-0002,150.53,30000,4515900,33321,5015810,2002.12.24,原臺南市
第十三期鄭子寮,北元,0975-0003,150.38,30000,4511400,30508,4587793,2002.12.24,原臺南市
第十三期鄭子寮,北元,0975-0004,150.51,30000,4515300,30999,4665659,2002.12.24,原臺南市
第十三期鄭子寮,北元,1076-0000,136.92,25000,3423000,32259,4416902,2002.12.24,原臺南市
第十三期鄭子寮,北元,0150-0000,141.91,32000,4541120,34116,4841402,2003.02.26,原臺南市
第十三期鄭子寮,北元,0317-0006,152.01,47000,7144470,47008,7145686,2003.02.26,原臺南市
第十三期鄭子寮,北元,0317-0007,294.07,47000,13821290,48002,14115948,2003.02.26,原臺南市
第十三期鄭子寮,北元,0550-0000,236.22,23000,5433060,24300,5740146,2003.02.26,原臺南市
第十三期鄭子寮,北元,0975-0007,170.34,30000,5110200,30000,5110200,2003.02.26,原臺南市
第十三期鄭子寮,北元,1011-0000,792.46,23000,18226580,23010,18234505,2003.02.26,原臺南市
第十期安順一,怡安,0814-0000,154.41,17000,2624970,17242,2662337,2003.04.29,原臺南市
第九期虎尾寮,裕東,0206-0000,130,29750,3867500,29750,3867500,2003.10.17,原臺南市
第九期虎尾寮,裕東,0206-0001,129.91,29750,3864823,29750,3864823,2003.10.17,原臺南市
第九期虎尾寮,裕東,0206-0002,129.81,29750,3861848,29750,3861848,2003.10.17,原臺南市
第九期虎尾寮,裕東,0446-0000,1083.04,23800,25776352,25410,27520046,2003.10.17,原臺南市
第九期虎尾寮,裕東,0450-0000,1543.19,23800,36727922,28738,44348194,2003.10.17,原臺南市
第九期虎尾寮,裕東,0961-0000,382.43,12325,4713450,12691,4853419,2003.10.17,原臺南市
第九期虎尾寮,裕東,0969-0000,119.61,20400,2440044,20410,2441240,2003.10.17,原臺南市
第十期安順一,怡安,0807-0000,725.4,18500,13419900,19216,13939286,2003.10.17,原臺南市
第十期安順一,怡安,0821-0000,178.05,24000,4273200,24006,4274268,2003.10.17,原臺南市
第十三期鄭子寮,北元,0097-0000,2563.73,20400,52300092,22288,57140414,2003.10.17,原臺南市
第十三期鄭子寮,北元,0166-0000,1776.23,22950,40764479,32197,57189277,2003.10.17,原臺南市
第十三期鄭子寮,北元,0317-0004,152.31,39950,6084785,40050,6100016,2003.10.17,原臺南市
第十三期鄭子寮,北元,0319-0000,154.14,39950,6157893,40006,6166525,2003.10.17,原臺南市
第十三期鄭子寮,北元,0319-0001,153.15,39950,6118343,40006,6126919,2003.10.17,原臺南市
第十三期鄭子寮,北元,0319-0002,153.55,39950,6134323,40707,6250560,2003.10.17,原臺南市
第十三期鄭子寮,北元,0319-0003,153.47,39950,6131127,40707,6247303,2003.10.17,原臺南市
第十三期鄭子寮,北元,0319-0004,153.41,39950,6128730,41010,6291344,2003.10.17,原臺南市
第十三期鄭子寮,北元,0319-0005,153.35,39950,6126333,41010,6288884,2003.10.17,原臺南市
第十三期鄭子寮,北元,0833-0000,2237.92,23800,53262496,28738,64313345,2003.10.17,原臺南市
第十三期鄭子寮,北元,0925-0002,1714.93,34000,58307620,36301,62253674,2003.10.17,原臺南市
第十三期鄭子寮,北元,1008-0000,1432.13,22100,31650073,25188,36072490,2003.10.17,原臺南市
第十三期鄭子寮,北元,1048-0000,1290.13,22100,28511873,25800,33285354,2003.10.17,原臺南市
第十三期鄭子寮,北元,1051-0000,1985.17,20400,40497468,25290,50204949,2003.10.17,原臺南市
第九期虎尾寮,裕東,0972-0000,114.93,20400,2344572,20406,2345262,2003.11.13,原臺南市
第九期虎尾寮,裕東,1145-0000,128.48,22100,2839408,22150,2845832,2003.11.13,原臺南市
第十期安順一,怡安,0948-0000,137.02,24000,3288480,24050,3295331,2003.11.13,原臺南市
第十一期安順二,新順,1069-0000,353.27,16000,5652320,16012,5656559,2003.11.13,原臺南市
第十一期安順二,新順,1084-0000,468.83,17000,7970110,17001,7970579,2003.11.13,原臺南市
第十一期安順二,新順,1252-0000,284.69,17000,4839730,17011,4842862,2003.11.13,原臺南市
第十三期鄭子寮,北元,0062-0000,208.36,26350,5490286,26350,5490286,2003.11.13,原臺南市
第十三期鄭子寮,北元,0062-0001,207.47,26350,5466835,26350,5466835,2003.11.13,原臺南市
第十三期鄭子寮,北元,0062-0002,206.58,26350,5443383,26350,5443383,2003.11.13,原臺南市
第十三期鄭子寮,北元,0081-0000,170.32,16150,2750668,16210,2760887,2003.11.13,原臺南市
第十三期鄭子寮,北元,0309-0000,155.33,39950,6205434,40501,6291020,2003.11.13,原臺南市
第十三期鄭子寮,北元,0309-0001,156.35,39950,6246183,40501,6332331,2003.11.13,原臺南市
第十三期鄭子寮,北元,0309-0002,157.89,39950,6307706,40501,6394703,2003.11.13,原臺南市
第十三期鄭子寮,北元,0309-0003,159.67,39950,6378817,40501,6466795,2003.11.13,原臺南市
第十三期鄭子寮,北元,0309-0004,161.58,39950,6455121,41100,6640938,2003.11.13,原臺南市
第十三期鄭子寮,北元,0309-0005,159.13,39950,6357244,41100,6540243,2003.11.13,原臺南市
第十三期鄭子寮,北元,0309-0006,154.85,39950,6186258,41100,6364335,2003.11.13,原臺南市
第十三期鄭子寮,北元,0309-0007,151.05,39950,6034448,41100,6208155,2003.11.13,原臺南市
第十三期鄭子寮,北元,0317-0000,152.92,39950,6109154,40560,6202435,2003.11.13,原臺南市
第十三期鄭子寮,北元,0317-0001,152.76,39950,6102762,40560,6195946,2003.11.13,原臺南市
第十三期鄭子寮,北元,0317-0002,152.62,39950,6097169,40560,6190267,2003.11.13,原臺南市
第十三期鄭子寮,北元,0317-0003,152.45,39950,6090378,40560,6183372,2003.11.13,原臺南市
第十三期鄭子寮,北元,0317-0005,152.17,39950,6079192,40102,6102321,2003.11.13,原臺南市
第十三期鄭子寮,北元,0824-0000,370.94,17000,6305980,17501,6491821,2003.11.13,原臺南市
第十三期鄭子寮,北元,0840-0000,826.22,23800,19664036,28734,23740605,2003.11.13,原臺南市
第十三期鄭子寮,北元,0989-0000,745.67,23800,17746946,23905,17825241,2003.11.13,原臺南市
第九期虎尾寮,裕東,0227-0000,480.21,23118,11101495,26317,12637687,2004.03.17,原臺南市
第九期虎尾寮,裕東,0252-0000,149.45,22950,3429878,22952,3430176,2004.03.17,原臺南市
第九期虎尾寮,裕東,0258-0000,136.86,22100,3024606,22102,3024880,2004.03.17,原臺南市
第九期虎尾寮,裕東,0258-0001,136.87,22100,3024827,22102,3025101,2004.03.17,原臺南市
第九期虎尾寮,裕東,0258-0002,136.87,22100,3024827,22102,3025101,2004.03.17,原臺南市
第九期虎尾寮,裕東,0258-0003,136.87,22100,3024827,22102,3025101,2004.03.17,原臺南市
第九期虎尾寮,裕東,0258-0004,136.87,22100,3024827,22102,3025101,2004.03.17,原臺南市
第九期虎尾寮,裕東,0258-0005,136.88,22100,3025048,22102,3025322,2004.03.17,原臺南市
第九期虎尾寮,裕東,0290-0000,227.7,19550,4451535,19550,4451535,2004.03.17,原臺南市
第九期虎尾寮,裕東,0777-0000,139.81,24225,3386897,24226,3387037,2004.03.17,原臺南市
第九期虎尾寮,裕東,0777-0001,139.82,24225,3387140,24226,3387279,2004.03.17,原臺南市
第九期虎尾寮,裕東,0777-0002,139.81,24225,3386897,24226,3387037,2004.03.17,原臺南市
第九期虎尾寮,裕東,0777-0003,139.82,24225,3387140,24226,3387279,2004.03.17,原臺南市
第九期虎尾寮,裕東,0777-0004,139.81,24225,3386897,24226,3387037,2004.03.17,原臺南市
第九期虎尾寮,裕東,0777-0005,139.82,24225,3387140,24226,3387279,2004.03.17,原臺南市
第九期虎尾寮,裕東,0777-0006,139.81,24225,3386897,24226,3387037,2004.03.17,原臺南市
第九期虎尾寮,裕東,1176-0000,171.18,22100,3783078,22222,3803962,2004.03.17,原臺南市
第十三期鄭子寮,北元,0003-0000,100.18,26350,2639743,27140,2718885,2004.03.17,原臺南市
第十三期鄭子寮,北元,0003-0001,98.73,26350,2601536,27140,2679532,2004.03.17,原臺南市
第十三期鄭子寮,北元,0003-0002,97.32,26350,2564382,27140,2641265,2004.03.17,原臺南市
第十三期鄭子寮,北元,0003-0003,95.9,26350,2526965,27140,2602726,2004.03.17,原臺南市
第十三期鄭子寮,北元,0017-0000,83.75,26350,2206813,30869,2585279,2004.03.17,原臺南市
第十三期鄭子寮,北元,0017-0001,84.52,26350,2227102,30869,2609048,2004.03.17,原臺南市
第十三期鄭子寮,北元,0017-0002,85.32,26350,2248182,30869,2633743,2004.03.17,原臺南市
第十三期鄭子寮,北元,0045-0000,136.78,26350,3604153,29110,3981666,2004.03.17,原臺南市
第十三期鄭子寮,北元,0045-0001,136.15,26350,3587553,29110,3963327,2004.03.17,原臺南市
第十三期鄭子寮,北元,0045-0002,135.56,26350,3572006,29110,3946152,2004.03.17,原臺南市
第十三期鄭子寮,北元,0045-0003,134.92,26350,3555142,29110,3927521,2004.03.17,原臺南市
第十三期鄭子寮,北元,0045-0004,134.29,26350,3538542,29110,3909182,2004.03.17,原臺南市
第十三期鄭子寮,北元,0045-0005,133.67,26350,3522205,29110,3891134,2004.03.17,原臺南市
第十三期鄭子寮,北元,0102-0000,943.08,16150,15230742,16169,15248661,2004.03.17,原臺南市
第八期本淵寮,新淵,0087-0000,146.82,13000,1908660,13300,1952706,2004.05.12,原臺南市
第八期本淵寮,新順,1145-0000,289.12,15000,4336800,16875,4878900,2004.05.12,原臺南市
第十三期鄭子寮,北元,0925-0000,1818.03,65760,119553653,65810,119644554,2004.05.12,原臺南市
第十三期鄭子寮,北元,1054-0001,837.34,37047,31020935,37251,31191752,2004.05.12,原臺南市
第九期虎尾寮,裕東,0919-0000,5388.85,27500,148193375,32428,174749628,2004.08.11,原臺南市
第十三期鄭子寮,北元,0265-0000,134.44,17850,2399754,17851,2399888,2004.08.11,原臺南市
第十期安順一,怡安,0673-0000,177.19,18500,3278015,18500,3278015,2005.01.27,原臺南市
第十期安順一,怡安,0920-0000,106.09,17000,1803530,17501,1856681,2005.01.27,原臺南市
第十期安順一,怡安,0920-0001,59.34,17000,1008780,17201,1020707,2005.01.27,原臺南市
第八期本淵寮,新淵,0364-0000,534.07,14000,7476980,14000,7476980,2005.04.12,原臺南市
第八期本淵寮,新淵,0104-0000,225.27,30000,6758100,30005,6759226,2005.08.04,原臺南市
第九期虎尾寮,裕東,0977-0000,83.78,12325,1032589,12325,1032589,2005.08.04,原臺南市
第九期虎尾寮,裕東,0836-0000,165.14,20000,3302800,21600,3567024,2005.11.09,原臺南市
第九期虎尾寮,裕東段,0836-0000,165.14,20000,3302800,21600,3567024,2005.11.09,原臺南市
第十二期城中,城中段,0041-0000,336.24,30000,10087200,31270,10514225,2006.03.31,原臺南市
第九期虎尾寮,裕東段,0715-0000,367.67,29750,10938183,31000,11397770,2006.07.19,原臺南市
第十二期城中,城中段,0032-0000,250.29,12000,3003480,12220,3058544,2006.07.19,原臺南市
第九期虎尾寮,裕東段,0979-0000,320.4,12325,3948930,13000,4165200,2006.07.19,原臺南市
第十一期安順二,新順,1215-0000,443.61,24000,10646640,24006,10649302,2006.11.03,原臺南市
第八期本淵寮,新淵,0313-0000,525.23,30000,15756900,33500,17595205,2008.04.22,原臺南市
第十一期安順二,新順,1151-0000,945.03,15500,14647965,15601,14743413,2008.04.22,原臺南市
第十二期城中,城中,0184-0000,160.84,16500,2653860,18501,2975701,2008.04.22,原臺南市
第十二期城中,城中,0192-0000,201.36,12200,2456592,12201,2456793,2008.04.22,原臺南市
第八期本淵寮,新淵,0033-0003,182.02,13000,2366260,13119,2387920,2008.08.20,原臺南市
第十二期城中,城中,0149-0000,148.74,12200,1814628,12200,1814628,2008.08.20,原臺南市
第八期本淵寮,新淵,0056-0000,808.75,13000,10513750,13058,10560658,2009.12.30,原臺南市
第十二期城中,城中,0100-0000,182.69,28000,5115320,28019,5118791,2009.12.30,原臺南市
第九期虎尾寮,裕東,0979-0000,320.4,12325,3948930,13110,4200444,2010.10.29,原臺南市
第十期安順一,怡安,0738-0000,266,18500,4921000,18500,4921000,2010.10.29,原臺南市
第十三期鄭子寮,北元,0120-0000,133.09,16150,2149404,18580,2472812,2010.10.29,原臺南市
第十三期鄭子寮,北元,0463-0000,280.04,16150,4522646,16180,4531047,2010.10.29,原臺南市
第十四期水交社西南,水交社,0066-0000,81.05,27000,2188350,27501,2228956,2010.10.29,原臺南市
第十四期水交社西南,水交社,0019-0000,4457.32,38500,171606820,42650,190104698,2012.01.12,原臺南市
第十四期水交社西南,水交社,0038-0000,713.51,33000,23545830,41235,29421585,2012.01.12,原臺南市
第十四期水交社西南,水交社,0050-0000,387.14,50000,19357000,52340,20262908,2012.01.12,原臺南市
第十五期水交社東北,水交社,0087-0000,4412.3,37197,315473337,42410,359685572,2012.01.12,原臺南市
第十五期水交社東北,水交社,0088-0000,4068.85,─,─,─,─,2012.01.12,原臺南市
第八期本淵寮,新淵段,0765-0000,163.97,14500,2377565,14633,2399373,2012.01.12,原臺南市
第十期安順一,怡安段,0674-0000,482.26,18000,8680680,19200,9259392,2012.01.12,原臺南市
第十期安順一,怡安段,0871-0000,176.43,22000,3881460,22057,3891517,2012.01.12,原臺南市
第十四期水交社西南,水交社,0014-0000,1366.16,60000,169255800,85666,241657789,2013.05.29,原臺南市
第十四期水交社西南,水交社,0015-0000,1454.77,─,─,─,─,2013.05.29,原臺南市
第十四期水交社西南,水交社,0045-0000,460.98,50000,23049000,70020,32277820,2013.05.29,原臺南市
第八期本淵寮,新淵段,0531-0000,325.47,14000,4556580,14100,4589127,2013.05.29,原臺南市
第八期本淵寮,新淵段,0578-0000,118.13,14000,1653820,14300,1689259,2013.05.29,原臺南市
第八期本淵寮,新淵段,0638-0000,168.25,28500,4795125,29130,4901123,2013.05.29,原臺南市
第十期安順一,怡安段,0854-0000,265.27,16500,4376955,20590,5461909,2013.05.29,原臺南市
第十期安順一,怡安段,0889-0000,375.79,16000,6012640,25808,9698388,2013.05.29,原臺南市
第十期安順一,怡安段,0892-0000,188.07,16000,3009120,17700,3328839,2013.05.29,原臺南市
第十一期安順二,新順段,1080-0000,415.52,15500,6440560,21500,8933680,2013.05.29,原臺南市
第十一期安順二,新順段,1114-0000,338.37,15500,5244735,15600,5278572,2013.05.29,原臺南市
第十一期安順二,新順段,1217-0000,889.23,23000,20452290,27889,24799735,2013.05.29,原臺南市
第十二期城中,城中段,0073-0000,497.74,11000,5475140,11480,5714055,2013.05.29,原臺南市
第十二期城中,城中段,0122-0000,164.16,14500,2380320,14520,2383603,2013.05.29,原臺南市
第十二期城中,城中段,0151-0000,73.36,11000,806960,11600,850976,2013.05.29,原臺南市
第十二期城中,城中段,0156-0000,257.99,11000,2837890,11100,2863689,2013.05.29,原臺南市
第六期新東,新東段,0112-0001,257.06,18000,4627080,18675,4800596,2013.05.29,原臺南縣
第十期安順一,怡安段,0620-0000,215.02,14850,3193047,15309,3291741,2014.03.28,原臺南市
第十二期城中,城中段,0043-0000,565.64,9900,5599836,10268,5807992,2014.03.28,原臺南市
第十二期城中,城中段,0154-0000,71.53,9900,708147,9926,710007,2014.03.28,原臺南市
第十二期城中,城中段,0174-0000,81.27,12000,975240,12366,1004985,2014.03.28,原臺南市
第七期麻豆國中西側街廓,國中段,0035-0000,729.67,27000,19701090,35332,25780700,2014.03.28,原臺南縣
第八期本淵寮,新淵段,0139-0000,328.09,25200,8267868,25250,8284273,2014.06.17,原臺南市
第八期本淵寮,新淵段,0411-0000,130.4,13050,1701720,13160,1716064,2014.06.17,原臺南市
第十期安順一,怡安段,0726-0001,109.27,14850,1622660,14889,1626921,2014.06.17,原臺南市
第六期新東,新東段,0577-0001,140.76,18300,2575908,19103,2688938,2015.03.26,原臺南縣
第一期九份子,國安段,1525-0000,2042.79,60100,122771679,60500,123588795,2016.05.25,臺南市
第一期九份子,國安段,1616-0000,2827.94,65000,183816100,66550,188199407,2016.05.25,臺南市
第一期九份子,國安段,1696-0000,517.77,56800,29409336,60137,31137134,2016.05.25,臺南市
第一期九份子,國安段,1736-0002,110.5,52200,5768100,53250,5884125,2016.05.25,臺南市
第一期九份子,國安段,1762-0000,2528.19,60100,151944219,67155,169780599,2016.05.25,臺南市
第六期新東,新東段,0510-0000,123.41,16470,2032563,17900,2209039,2016.10.27,原臺南縣
第一期九份子,國安段,1534-0002,224.72,53300,11977576,60939,13694212,2016.10.27,臺南市
第一期九份子,國安段,1535-0002,306.09,54400,16651296,54452,16667213,2016.10.27,臺南市
第一期九份子,國安段,1585-0001,286.69,53300,15280577,60939,17470602,2016.10.27,臺南市
第一期九份子,國安段,1611-0000,3446.94,67700,233357838,72180,248800129,2016.10.27,臺南市
第一期九份子,國安段,1629-0001,545.06,58000,31613480,63289,34496302,2016.10.27,臺南市
第一期九份子,國安段,1656-0002,143.75,66400,9545000,68290,9816688,2016.10.27,臺南市
第一期九份子,國安段,1680-0000,500,71900,35950000,83200,41600000,2017.03.29,臺南市
第一期九份子,國安段,1740-0001,226.84,53300,12090572,53588,12155902,2017.03.29,臺南市
第一期九份子,國安段,1647-0003,583.76,70100,40921576,71620,41808891,2017.06.28,臺南市
第一期九份子,國安段,1697-0001,210.11,53300,11198863,53350,11209369,2017.06.28,臺南市
第一期九份子,國安段,1550-0001,2873.34,65300,187629102,65642,188611784,2017.10.05,臺南市
第一期九份子,國安段,1553-0000,2000,67800,135600000,68808,137616000,2017.10.05,臺南市
第一期九份子,國安段,1667-0004,136.2,53300,7259460,53310,7261355,2017.10.05,臺南市
第一期九份子,國安段,1714-0000,499.99,56900,28449431,57000,28499430,2017.10.05,臺南市
第一期九份子,國安段,1758-0000,677.27,54900,37182123,57339,38833985,2017.10.05,臺南市
第一期九份子,國安段,1592-0001,3216.56,64200,206503152,64860,208626082,2017.12.19,臺南市
第一期九份子,國安段,1595-0000,1522.21,58000,88288180,58220,88623066,2017.12.19,臺南市
第一期九份子,國安段,1612-0001,2849.41,65200,185781532,66310,188944377,2017.12.19,臺南市
第一期九份子,國安段,1747-0000,302.49,56900,17211681,57989,17541093,2017.12.19,臺南市
第一期九份子,國安段,1761-0002,319.43,53300,17025619,53300,17025619,2017.12.19,臺南市
第一期九份子,國安段,1538-0004,189.02,60400,11416808,62350,11785397,2018.05.29,臺南市
第一期九份子,國安段,1560-0001,5676.98,80200,455293796,84735,481038900,2018.05.29,臺南市
第一期九份子,國安段,1564-0000,7195.97,59300,426721021,60001,431765396,2018.05.29,臺南市
第一期九份子,國安段,1567-0000,7282.48,55700,405634136,55801,406369666,2018.05.29,臺南市
第一期九份子,國安段,1587-0001,2550.12,61569,157008338,62089,256305876,2018.05.29,臺南市
第一期九份子,國安段,1588-0000,1577.92,─,97150956,─,─,2018.05.29,臺南市
第一期九份子,國安段,1591-0000,3134.69,55700,174602233,56060,175730721,2018.05.29,臺南市
第一期九份子,國安段,1751-0001,221.98,53300,11831534,54060,12000239,2018.05.29,臺南市
第一期九份子,國安段,1757-0002,194.73,53300,10379109,53888,10493610,2018.05.29,臺南市
第二期平實營區,平實段,0024-0000,4545.54,150000,681831000,176357,801637798,2018.05.29,臺南市
第二期平實營區,平實段,0025-0000,4688.87,150000,703330500,198000,928396260,2018.05.29,臺南市
第一期九份子,國安段,1528-0001,2000.05,55700,111402785,63888,127779194.4,2019.06.26,臺南市
第一期九份子,國安段,1549-0001,2117.57,58200,123242574,64190,135926818.3,2019.06.26,臺南市
第一期九份子,國安段,1551-0002,3380.6,54500,184242700,65672,222010763.2,2019.06.26,臺南市
第一期九份子,國安段,1571-0001,1388.94,55700,77363958,58888,81791898.72,2019.06.26,臺南市
第一期九份子,國安段,1662-0001,195.27,62700,12243429,65778,12844470.06,2019.06.26,臺南市
第一期九份子,國安段,1708-0000,100,53300,5330000,53376,5337600,2019.06.26,臺南市
第一期九份子,國安段,1682-0001,1067.91,55911,59707916.01,69226,466347179,2019.06.26,臺南市
第一期九份子,國安段,1715-0000,5668.68,,316941567.5,,,2019.06.26,臺南市
第一期九份子,國安段,1682-0002,236.37,59783,14130907.71,75262,264634043,2019.06.26,臺南市
第一期九份子,國安段,1717-0000,3239.94,,193693333,,,2019.06.26,臺南市
第一期九份子,國安段,1746-0001,1854.58,55700,103300106,66866,124008346.3,2019.06.26,臺南市
第一期九份子,國安段,1761-0004,169.59,53300,9039147,53833,9129538.47,2019.06.26,臺南市
第二期平實營區,平實段,0052-0000,590.81,132000,77986920,161066,95159403.46,2019.06.26,臺南市
第二期平實營區,平實段,0045-0000,5988.27,259000,1550961930,298899,3613981831,2019.06.26,臺南市
第二期平實營區,平實段,0046-0000,6102.71,,1580601890,,,2019.06.26,臺南市
第五期佳里國小,公園段,0010-0000,481.25,56400,27142500,58600,28201250,2019.06.26,臺南市
第一期九份子,國安段,1503-0000,561.99,66700,37484733,7688,43210287,2020.07.28,臺南市
第一期九份子,國安段,1733-0000,1939.38,68200,132265716,83466,161872291,2020.07.28,臺南市
第一期九份子,國安段,1734-0001,1937.52,68200,132138864,83466,161717044,2020.07.28,臺南市
第六期長勝營區,長勝段,0032-0000,807.28,63900,51585192,85000,68618800,2021.07.14,臺南市
第六期長勝營區,長勝段,0035-0000,714.75,62000,44314500,83000,59324250,2021.07.14,臺南市
第六期長勝營區,長勝段,0037-0000,366.82,63900,23439798,82000,30079240,2021.07.14,臺南市
第四期永康物流,永安段,0020-0000,938.25,55200,51791400,74607,70000017.75,2021.11.30,臺南市
第四期永康物流,永安段,0028-0000,627.31,56300,35317553,95660,60008474.6,2021.11.30,臺南市
第四期永康物流,永安段,0043-0000,425.87,56300,23976481,81818,34843831.66,2021.11.30,臺南市
第四期永康物流,永安段,0052-0000,425.52,54700,23275944,57738,24568673.76,2021.11.30,臺南市
第四期永康物流,永安段,0070-0000,870.53,54700,47617991,67899,59108116.47,2021.11.30,臺南市
第六期長勝營區,長勝段,0006-0000,1696.46,63300,107385918,120999,205269963.5,2021.11.30,臺南市
第四期永康物流,永安段,0061-0000,2084.44,53600,111725984,71280,217986358,2023.04.12,
第四期永康物流,永安段,0064-0000,70.4,53600,3773440,,,2023.04.12,
第四期永康物流,永安段,0078-0000,903.33,53600,48418488,,,2023.04.12,
第四期永康物流,永安段,0082-0000,333.97,60300,20138391,76000,25381720,2023.04.12,
第四期永康物流,永安段,0117-0000,799.72,52000,41585440,60128,48085564,2023.04.12,
第七期麻豆工業區,麻工段,0002-0000,1032.48,29600,30561408,47200,48733056,2023.04.12,
第七期麻豆工業區,麻工段,0016-0000,476.08,33500,15948680,45678,21746382.24,2023.04.12,
第七期麻豆工業區,麻工段,0020-0000,644.9,30400,19604960,39000,25151100,2023.04.12,
第七期麻豆工業區,麻工段,0061-0000,506.44,29600,14990624,31791,16100234.04,2023.04.12,
第七期麻豆工業區,麻工段,0107-0000,876.82,32800,28759696,49008,42971194.56,2023.04.12,
第七期麻豆工業區,麻工段,0120-0000,288.79,33500,9674465,44346,12806681.34,2023.04.12,
第七期麻豆工業區,麻工段,0129-0000,334.84,31200,10447008,33280,11143475.2,2023.04.12,
第七期麻豆工業區,麻工段,0149-0000,626.38,29600,18540848,37842,23703471.96,2023.04.12,
第七期麻豆工業區,麻工段,0206-0000,936.55,32000,29969600,38120,35701286,2023.04.12,
第七期麻豆工業區,麻工段,0208-0000,789.59,28100,22187479,30866,24371484.94,2023.04.12,
第七期麻豆工業區,麻工段,0209-0000,801.08,28100,22510348,30860,24721328.8,2023.04.12,
第七期麻豆工業區,麻工段,0227-0000,1497.56,27300,40883388,27501,41184397.56,2023.04.12,
第七期麻豆工業區,麻工段,0265-0000,800.59,29600,23697464,37842,30295926.78,2023.04.12,
第七期麻豆工業區,麻工段,0289-0000,641.51,29600,18988696,29700,19052847,2023.04.12,
第七期麻豆工業區,麻工段,0344-0000,293.62,32800,9630736,33280,9771673.6,2023.04.12,
第七期麻豆工業區,麻工段,0377-0000,750.05,32800,24601640,46420,34817321,2023.04.12,
第七期麻豆工業區,麻工段,0386-0000,1384.73,29600,40988008,38000,52619740,2023.04.12,
第七期麻豆工業區,麻工段,0413-0000,1481.62,30400,45041248,39938,59172939.56,2023.04.12,
第七期麻豆工業區,麻工段,0414-0000,1472.47,30400,44763088,39938,58807506.86,2023.04.12,
第七期麻豆工業區,麻工段,0460-0000,1040.18,29600,30789328,33582,34931324.76,2023.04.12,
第七期麻豆工業區,麻工段,0009-0000,115.78,29600,3427088,31763,3677520.14,2023.10.24,
第七期麻豆工業區,麻工段,0074-0000,1802.3,30400,54789920,33426,60243679.8,2023.10.24,
第七期麻豆工業區,麻工段,0081-0000,346.45,31200,10809240,37362,12944064.9,2023.10.24,
第七期麻豆工業區,麻工段,0094-0000,1400.48,35100,49156848,36855,51614690.4,2023.10.24,
第七期麻豆工業區,麻工段,0116-0000,558.92,32000,17885440,32230,18013991.6,2023.10.24,
第七期麻豆工業區,麻工段,0152-0000,1185.08,32000,37922560,32302,38280454.16,2023.10.24,
第七期麻豆工業區,麻工段,0160-0000,837.54,32800,27471312,35800,29983932,2023.10.24,
第七期麻豆工業區,麻工段,0198-0000,2051.13,32800,67277064,32868,67416540.84,2023.10.24,
第七期麻豆工業區,麻工段,0203-0000,1224.26,33500,41012710,39628,48514975.28,2023.10.24,
第七期麻豆工業區,麻工段,0219-0000,865.7,30400,26317280,30700,26576990,2023.10.24,
第七期麻豆工業區,麻工段,0229-0000,440.05,31200,13729560,32000,14081600,2023.10.24,
第七期麻豆工業區,麻工段,0240-0000,1346.81,32800,44175368,33103,44583451.43,2023.10.24,
第七期麻豆工業區,麻工段,0270-0000,1794.1,32800,58846480,45738,82058545.8,2023.10.24,
第七期麻豆工業區,麻工段,0300-0000,699.74,30400,21272096,30511,21349767.14,2023.10.24,
第七期麻豆工業區,麻工段,0044-0000,1367.9,29600,40489840,32020,43800158,2024.06.19,
第七期麻豆工業區,麻工段,0307-0000,2289.52,31200,71433024,38176,87404715.52,2024.06.19,
第七期麻豆工業區,麻工段,0452-0000,2646.96,31200,82585152,38176,101050345,2024.06.19,
第一期九份子,國安段,1515-0000,783.15,60500,47380575,93888,73528387.2,2024.06.19,
第一期九份子,國安段,1623-0000,4963,110000,545930000,140001,694824963,2024.06.19,
第四期永康物流,永安段,0092-0000,717.74,53600,38470864,78888,56621073.12,2024.06.19,
第四期永康物流,永安段,0106-0000,778.22,54700,42568634,78888,61392219.36,2024.06.19,
第一期九份子,國安段,1532-0005,294.61,61200,18030132,67200,19797792,2024.09.19,
第一期九份子,國安段,1536-0004,367.83,61200,22511196,105888,38948783.04,2024.09.19,
第一期九份子,國安段,1648-0001,294.15,61200,18001980,68000,20002200,2024.09.19,
第一期九份子,國安段,1661-0001,265.59,61200,16254108,92268,24505458.12,2024.09.19,
第九期仁德,義林段,0205-0000,455.19,115400,52528926,159400,72557286,2024.09.19,
第七期麻豆工業區,麻工段,0098-0000,3376.77,32000,108056640,32212,108772515.2,2024.12.19,
第七期麻豆工業區,麻工段,0109-0000,1592.6,31200,49689120,39628,63111552.8,2024.12.19,
第七期麻豆工業區,麻工段,0180-0000,3212.24,33500,107610040,36906,118550929.4,2024.12.19,
